Node,Patent Pulse,,,,
AI-Powered Farming,ppulse-export-AIPowered.json
Alternative cocoa,ppulse-export-Alternativecocoa.json
AI Agriculture-Forecasting Tools,ppulse-export-artificialintelligenceORaiANDAgriculture.json
Carbon Negative Farm,ppulse-export-Carbon NegativeANDFarms.json
Carbon-Neutral Fruits,ppulse-export-Carbon-NeutralANDFruits.json
Certified Carbon-Neutral Pineapples,ppulse-export-CertifiedANDCarbon-Neutral.json
Mobile Chicken Coops,ppulse-export-ChickenCoops.json
Crop-Monitoring Agriculture Robots,ppulse-export-Crop-MonitoringORAgricultureRobots.json
Ethical Food Production Systems,ppulse-export-EthicalANDFoodProduction.json
Automated Farming Robots,ppulse-export-FarmingRobots.json
Regeneratively Farmed Organic Blueberries,ppulse-export-OrganicProductAND Freezing.json
Regenerative Coffee,ppulse-export-RegenerativeCoffee.json
Self-Driving Farm Tractors,ppulse-export-Self-Driving FarmTractors.json
True Carbon-Neutral Carrots,ppulse-export-TrueCarbon-Neutral.json
Vertical Farming,ppulse-export-VerticalFarming.json
Zero-Carbon Vegetable,ppulse-export-ZeroCarbonANDVegetables.json

