Nodo,Subnodo
Retro styled electric convertibles,Sleek futuristic electric vehicle
,Riproaring convertible supercars
,All electric camper van designs
,Special editions seaside vehicles
,High end gamping trailers
,Performance electric concept cars
Retro car design houses,Retro Automotive Design
,Limited Production Vehicles
,Reimagined Classic Design
Charged electric hatchbacks,Retro Car Electric Re-Launches
,Dual Electric Motors
,Electric Sports Cars
Modern electrified retro automobiles,Retrofuturistic Automobile Design
,Electric Drivetrain Integration
,Artistic Concept Car Renderings
